{
  "urls": [
    "musicFile.mp3"
  ],
  "sprite": {
    "battle_1": [
      0,
      145895.9863945578
    ],
    "battle_2": [
      147000,
      156048.00453514737
    ],
    "battle_3": [
      305000,
      153808.97959183675
    ],
    "battle_4": [
      460000,
      169180.31746031748
    ],
    "boss_1": [
      631000,
      153134.26303854873
    ],
    "boss_2": [
      786000,
      178666.66666666663
    ],
    "boss_3": [
      966000,
      155999.977324263
    ],
    "passive_1": [
      1123000,
      154704.01360544225
    ],
    "passive_2": [
      1279000,
      160052.2448979591
    ]
  }
}